iter	MultiClass
0	0.609625045
1	0.5417276165
2	0.5248593236
3	0.5079798148
4	0.5005699388
5	0.4972839471
6	0.4920895746
7	0.4858941806
8	0.4834992409
9	0.4798361986
