iter	MultiClass
0	0.6023004429
1	0.5483416203
2	0.5286382734
3	0.5139074439
4	0.5067088603
5	0.5015364928
6	0.4956438871
7	0.4911715392
8	0.4883257358
9	0.4860330754
